mer5_seqs,Msn2,Msn2_DBD,Msn2_DBD_OE
AAAAT,30.8074040895165,10.2268781683989,10.2268781683989
AAAAG,44.1305490360545,10.8833095891286,10.8833095891286
AAAAC,40.59919229198,9.81445551740055,9.81445551740055
AAATA,27.6455643951369,9.3266188617228,9.3266188617228
AAATT,27.862645514405,9.75583695306446,9.75583695306446
AAATG,33.6164577619853,9.48864076247738,9.48864076247738
AAATC,37.2019107007122,11.591912716315,11.591912716315
AAAGA,40.0096538900261,10.3786617651973,10.3786617651973
AAAGT,36.6325161864766,11.2601384244215,11.2601384244215
AAAGG,50.5446459583738,11.8977788876586,11.8977788876586
AAAGC,42.0054224142257,11.2413857402944,11.2413857402944
AAACA,37.2947964375748,11.0944264256001,11.0944264256001
AAACT,37.2619408367782,10.6980848226498,10.6980848226498
AAACG,47.6444357840749,11.0136157008388,11.0136157008388
AAACC,43.0001421785055,10.6890028559446,10.6890028559446
AATAA,27.6357838895789,10.0189567858957,10.0189567858957
AATAT,25.0310832668675,8.65313095215626,8.65313095215626
AATAG,32.5714166746263,11.086843920791,11.086843920791
AATAC,33.0019322812212,11.388134598088,11.388134598088
AATTA,27.3480759535699,10.5599981329137,10.5599981329137
AATTT,0,0,0
AATTG,28.1756871206478,10.3748732798836,10.3748732798836
AATTC,33.7132554053495,9.01187105535115,9.01187105535115
AATGA,29.876445882153,8.97957491223674,8.97957491223674
AATGT,27.6017890328339,9.63304594943652,9.63304594943652
AATGG,37.7563048023903,8.59082935350794,8.59082935350794
AATGC,37.4639444942774,9.8254728604035,9.8254728604035
AATCA,32.4568882855417,11.1090208577605,11.1090208577605
AATCT,33.0021969035411,10.387771589399,10.387771589399
AATCG,43.7994194772709,9.25734711184494,9.25734711184494
AATCC,39.5755065474003,10.4407037399961,10.4407037399961
AAGAA,36.7985455307862,10.4768702092187,10.4768702092187
AAGAT,35.5311156016721,10.1779688975457,10.1779688975457
AAGAG,38.9782783079804,10.8134183269114,10.8134183269114
AAGAC,39.6007338626792,12.2809898998778,12.2809898998778
AAGTA,36.5034879258678,11.1134757554557,11.1134757554557
AAGTT,35.6501384934281,11.1392680899066,11.1392680899066
AAGTG,38.3323700447865,11.4831349045791,11.4831349045791
AAGTC,32.0913420044728,9.24650572745729,9.24650572745729
AAGGA,51.7001920565371,13.5912771266884,13.5912771266884
AAGGT,36.9636221609624,11.9856068677721,11.9856068677721
AAGGG,84.506318071662,21.5726468789086,21.5726468789086
AAGGC,46.7003701912598,12.0464763581313,12.0464763581313
AAGCA,39.1711449088767,11.3222201922835,11.3222201922835
AAGCT,32.8952326576325,8.78476575152844,8.78476575152844
AAGCG,61.6839021871079,12.4376437080756,12.4376437080756
AAGCC,67.1664037926645,14.542291679656,14.542291679656
AACAA,35.8227314317017,11.632701459014,11.632701459014
AACAT,31.7883853972778,10.2160541327675,10.2160541327675
AACAG,41.9219991527892,9.84572445552817,9.84572445552817
AACAC,40.0924328753412,9.64550136273317,9.64550136273317
AACTA,35.4832956473996,12.0226817825796,12.0226817825796
AACTT,0,0,0
AACTG,33.7146674323209,9.76346191928852,9.76346191928852
AACTC,38.5942242240621,11.3243660846566,11.3243660846566
AACGA,35.5221156069393,9.76703527972892,9.76703527972892
AACGT,39.3016237448488,10.3441281985767,10.3441281985767
AACGG,68.6843584943763,14.7922978153995,14.7922978153995
AACGC,53.3703549100305,14.1410667808408,14.1410667808408
AACCA,41.3934622348592,10.9231704929128,10.9231704929128
AACCT,43.4965066580258,13.3701549243025,13.3701549243025
AACCG,56.3425782980665,10.2586264240196,10.2586264240196
AACCC,59.1011172819095,15.999753714605,15.999753714605
ATAAA,30.2682504078106,9.82956227450927,9.82956227450927
ATAAT,25.7372668425392,10.3397867546501,10.3397867546501
ATAAG,32.8442365252691,11.3584541481727,11.3584541481727
ATAAC,27.4552167729322,9.65707479530785,9.65707479530785
ATATA,40.6956800579707,12.2960986243098,12.2960986243098
ATATT,0,0,0
ATATG,34.9599555275338,11.2090382364994,11.2090382364994
ATATC,31.1916953658627,8.52255682191996,8.52255682191996
ATAGA,29.2906275959247,10.9941212931874,10.9941212931874
ATAGT,28.968131710207,9.54438345593084,9.54438345593084
ATAGG,41.8860579857628,12.9760029145611,12.9760029145611
ATAGC,42.2189388087854,13.0798822996097,13.0798822996097
ATACA,35.144025462915,12.238138411697,12.238138411697
ATACT,35.9729316251672,12.0189695913472,12.0189695913472
ATACG,38.7719757778591,8.92712075347251,8.92712075347251
ATACC,36.6206502144449,9.31951045372521,9.31951045372521
ATTAA,23.7820560596944,10.9456999532467,10.9456999532467
ATTAT,0,0,0
ATTAG,38.0548716383274,11.0712550098753,11.0712550098753
ATTAC,30.7849105623489,10.7877524129925,10.7877524129925
ATTTA,25.6458009946116,9.33499606167564,9.33499606167564
ATTTT,0,0,0
ATTTG,30.6889727459558,9.54978454472151,9.54978454472151
ATTTC,34.0426510247543,9.91852340672794,9.91852340672794
ATTGA,25.3620981402578,8.58067595939172,8.58067595939172
ATTGT,31.9955673341662,10.8741336335017,10.8741336335017
ATTGG,36.6592590352914,8.51564385795799,8.51564385795799
ATTGC,30.541249322449,9.40910970256282,9.40910970256282
ATTCA,30.3249996729,9.81634250781288,9.81634250781288
ATTCT,33.5979746011344,8.60812546512005,8.60812546512005
ATTCG,33.3108912265179,7.74070468666651,7.74070468666651
ATTCC,38.8530251844272,9.63959991403256,9.63959991403256
ATGAA,26.4674537634194,9.5004415255779,9.5004415255779
ATGAT,27.2133991157689,9.59539785373945,9.59539785373945
ATGAG,39.7322269828934,9.87337979587551,9.87337979587551
ATGAC,37.0070168731525,8.84346489790639,8.84346489790639
ATGTA,30.4970300243976,10.9848919371625,10.9848919371625
ATGTT,0,0,0
ATGTG,46.0372989369573,12.2939012308729,12.2939012308729
ATGTC,24.6829707369268,8.37218968926614,8.37218968926614
ATGGA,32.5409807182692,8.88782396374123,8.88782396374123
ATGGT,34.407794541772,9.44786177547047,9.44786177547047
ATGGG,52.1309585719697,9.50130166938864,9.50130166938864
ATGGC,53.5297550739782,9.54704279812067,9.54704279812067
ATGCA,41.8201251861459,9.13532885849968,9.13532885849968
ATGCT,43.4571287204189,13.1932676014378,13.1932676014378
ATGCG,42.3727812221808,6.9426739361563,6.9426739361563
ATGCC,41.1661737358647,9.07729390843679,9.07729390843679
ATCAA,29.9794839374535,9.13833664904804,9.13833664904804
ATCAT,0,0,0
ATCAG,37.351505284195,11.3435496057475,11.3435496057475
ATCAC,37.3564819738216,10.1768840777257,10.1768840777257
ATCTA,31.0611486949137,9.73175887950165,9.73175887950165
ATCTT,0,0,0
ATCTG,36.231323026389,10.0669870861374,10.0669870861374
ATCTC,40.9385044294158,9.55442384889144,9.55442384889144
ATCGA,37.8766628908714,7.49783773046255,7.49783773046255
ATCGT,31.507562503093,9.39764194317323,9.39764194317323
ATCGG,63.9617462937664,9.59316801721163,9.59316801721163
ATCGC,36.0275941201809,9.00342104223923,9.00342104223923
ATCCA,42.0795487999767,10.3481346580801,10.3481346580801
ATCCT,36.1789488322475,10.7225635254304,10.7225635254304
ATCCG,66.2933807081273,13.4578641814127,13.4578641814127
ATCCC,68.6379356953239,18.3758680333312,18.3758680333312
AGAAA,43.5386134906793,11.1261773031399,11.1261773031399
AGAAT,0,0,0
AGAAG,37.7270798947499,11.4545281689403,11.4545281689403
AGAAC,45.4214611208355,11.7557803800466,11.7557803800466
AGATA,30.8476434007325,9.33662740731541,9.33662740731541
AGATT,0,0,0
AGATG,37.449552267982,9.6723777721753,9.6723777721753
AGATC,47.8075800867595,10.2565399484002,10.2565399484002
AGAGA,42.8595717702777,10.8764387141539,10.8764387141539
AGAGT,35.9883063601783,10.7685731359161,10.7685731359161
AGAGG,44.9586512943997,9.83378752481859,9.83378752481859
AGAGC,57.7512457670847,14.2913885122382,14.2913885122382
AGACA,35.4911701827801,10.2517038848037,10.2517038848037
AGACT,36.1147326411569,9.43868667812914,9.43868667812914
AGACG,58.7942946128392,13.2982934434218,13.2982934434218
AGACC,50.7655176308307,10.6391312497085,10.6391312497085
AGTAA,35.1461978505967,10.5481568320389,10.5481568320389
AGTAT,0,0,0
AGTAG,35.1426420911074,10.4262684681055,10.4262684681055
AGTAC,39.7673599160673,14.4362208744134,14.4362208744134
AGTTA,31.3594081683777,11.7247711929558,11.7247711929558
AGTTT,0,0,0
AGTTG,37.4011933798034,10.8244942113026,10.8244942113026
AGTTC,38.1940808704272,12.6792914721013,12.6792914721013
AGTGA,39.5970787664685,11.0839758927625,11.0839758927625
AGTGT,35.0906468696758,8.46859356220462,8.46859356220462
AGTGG,50.5371224187972,10.8176117087241,10.8176117087241
AGTGC,52.3987415239457,12.7748555303105,12.7748555303105
AGTCA,39.0755458617003,8.53445414022948,8.53445414022948
AGTCT,0,0,0
AGTCG,43.2574404255996,10.6987900562938,10.6987900562938
AGTCC,49.4979446605157,10.3470335517089,10.3470335517089
AGGAA,53.5552660821337,10.9816085651042,10.9816085651042
AGGAT,0,0,0
AGGAG,72.8882926812469,17.0634600378716,17.0634600378716
AGGAC,38.6720324932357,11.0089693446084,11.0089693446084
AGGTA,34.3421520022277,11.9411492303937,11.9411492303937
AGGTT,0,0,0
AGGTG,37.3852045434752,9.35617451689149,9.35617451689149
AGGTC,44.1851245509196,12.071334819335,12.071334819335
AGGGA,72.0723444562545,18.0384766218972,18.0384766218972
AGGGT,54.1242240966686,14.8596816544309,14.8596816544309
AGGGG,181.289788123798,39.7747554766446,39.7747554766446
AGGGC,55.6451441778611,12.250202042503,12.250202042503
AGGCA,47.3117726246891,12.8971713199983,12.8971713199983
AGGCT,52.422849899369,13.9009582908058,13.9009582908058
AGGCG,57.1086556458004,14.0898616952807,14.0898616952807
AGGCC,53.359068023664,8.47567911608536,8.47567911608536
AGCAA,46.9185703373627,11.4125671714978,11.4125671714978
AGCAT,0,0,0
AGCAG,45.5768182568752,10.8815872101733,10.8815872101733
AGCAC,50.5725414700999,14.0273054784347,14.0273054784347
AGCTA,47.2310168906168,13.5419465249401,13.5419465249401
AGCTT,0,0,0
AGCTG,34.8925130652967,6.71140835629944,6.71140835629944
AGCTC,48.2406994940941,10.901423871831,10.901423871831
AGCGA,50.7438280312721,12.6835798119915,12.6835798119915
AGCGT,65.9179904137848,13.3309739035312,13.3309739035312
AGCGG,67.4250136654934,13.935229685804,13.935229685804
AGCGC,60.1172666302945,12.5597005532928,12.5597005532928
AGCCA,67.4517029311376,12.4540522940557,12.4540522940557
AGCCT,0,0,0
AGCCG,73.4753625720456,13.1243271542128,13.1243271542128
AGCCC,67.5938031455177,14.5258463385786,14.5258463385786
ACAAA,36.8789947771686,10.4821663063482,10.4821663063482
ACAAT,0,0,0
ACAAG,45.1385801843955,13.8524549214206,13.8524549214206
ACAAC,40.5690382354435,10.7577149331582,10.7577149331582
ACATA,37.2103962570457,12.7227903299005,12.7227903299005
ACATT,0,0,0
ACATG,30.2192440806669,8.59121770349687,8.59121770349687
ACATC,39.6142744276656,10.7940449353292,10.7940449353292
ACAGA,38.3492822878341,9.55359723728924,9.55359723728924
ACAGT,30.7094859712464,8.22539748614874,8.22539748614874
ACAGG,65.6688749394341,15.794554508341,15.794554508341
ACAGC,44.4382639298427,9.19059989343781,9.19059989343781
ACACA,38.3532096839934,9.77018699309648,9.77018699309648
ACACT,0,0,0
ACACG,56.4758326715733,10.4820148676068,10.4820148676068
ACACC,47.9147740549052,9.64250495276725,9.64250495276725
ACTAA,42.8176779170246,12.7077563169155,12.7077563169155
ACTAT,0,0,0
ACTAG,34.5277629787247,10.6971870222854,10.6971870222854
ACTAC,41.2943947879432,11.7751132994879,11.7751132994879
ACTTA,31.1633798737956,9.37471874939223,9.37471874939223
ACTTT,0,0,0
ACTTG,38.5404487949046,12.8136457096591,12.8136457096591
ACTTC,36.0228856101603,10.7339108352956,10.7339108352956
ACTGA,30.722503287091,9.77419311808856,9.77419311808856
ACTGT,0,0,0
ACTGG,54.3224590277082,11.4315728626709,11.4315728626709
ACTGC,46.9876628636481,11.4748174859357,11.4748174859357
ACTCA,37.759568177268,10.3683556435987,10.3683556435987
ACTCT,0,0,0
ACTCG,34.3269304846727,7.11704587745378,7.11704587745378
ACTCC,63.6933796025998,15.9597087492706,15.9597087492706
ACGAA,40.0660786388701,10.041251803338,10.041251803338
ACGAT,0,0,0
ACGAG,46.8187532406738,10.7235126008566,10.7235126008566
ACGAC,49.5836622642332,11.9811753026097,11.9811753026097
ACGTA,46.3263363232515,12.4135560167187,12.4135560167187
ACGTT,0,0,0
ACGTG,59.5910678366992,13.1235614225174,13.1235614225174
ACGTC,57.4741057253171,12.7404796117411,12.7404796117411
ACGGA,63.1114727096439,11.8122074639897,11.8122074639897
ACGGT,56.5759900757478,12.9980693269902,12.9980693269902
ACGGG,72.1024408998651,14.3147116072895,14.3147116072895
ACGGC,80.3834030613196,12.211690141675,12.211690141675
ACGCA,53.8077423399995,12.5152700542436,12.5152700542436
ACGCT,0,0,0
ACGCG,65.2866767836491,16.8593059215599,16.8593059215599
ACGCC,70.9134054953271,13.0884523370586,13.0884523370586
ACCAA,41.3635888189678,10.7045329068251,10.7045329068251
ACCAT,0,0,0
ACCAG,53.6242455367857,11.2445343230816,11.2445343230816
ACCAC,46.8367395944812,11.6027379595769,11.6027379595769
ACCTA,38.412924630109,13.4354264645344,13.4354264645344
ACCTT,0,0,0
ACCTG,45.2400368371638,11.4986046872915,11.4986046872915
ACCTC,39.0789845438247,10.0365080730757,10.0365080730757
ACCGA,45.456509475253,10.7843398432514,10.7843398432514
ACCGT,0,0,0
ACCGG,75.4629795911368,18.3513836730375,18.3513836730375
ACCGC,58.3487958964675,9.28881334777092,9.28881334777092
ACCCA,57.3695036516737,10.9763422506766,10.9763422506766
ACCCT,0,0,0
ACCCG,44.5181776789499,9.51217865462538,9.51217865462538
ACCCC,145.024227628068,27.674651305214,27.674651305214
TAAAA,32.80581359481,10.4468836471067,10.4468836471067
TAAAT,0,0,0
TAAAG,30.9540939820144,10.2118690409403,10.2118690409403
TAAAC,30.6046185856037,11.5909865210063,11.5909865210063
TAATA,27.3649189111206,11.3937130725026,11.3937130725026
TAATT,0,0,0
TAATG,25.9524870792506,9.85447632788984,9.85447632788984
TAATC,34.3280477138128,11.2425403349404,11.2425403349404
TAAGA,36.1415772970421,11.0740555540758,11.0740555540758
TAAGT,0,0,0
TAAGG,51.3060303484425,16.5009733772046,16.5009733772046
TAAGC,40.847164720909,9.2362946113295,9.2362946113295
TAACA,30.4167401016446,9.52767909185958,9.52767909185958
TAACT,0,0,0
TAACG,37.5527362796621,11.0212162919571,11.0212162919571
TAACC,47.6781190755368,12.9469735643218,12.9469735643218
TATAA,28.307559127179,10.0176414631822,10.0176414631822
TATAT,0,0,0
TATAG,27.4646940467124,11.4679626678692,11.4679626678692
TATAC,32.0314622174098,9.72811596315941,9.72811596315941
TATTA,0,0,0
TATTT,0,0,0
TATTG,28.7875404399735,9.73218593857611,9.73218593857611
TATTC,30.5536814468495,9.59181946876571,9.59181946876571
TATGA,29.7767225575074,10.2395738412451,10.2395738412451
TATGT,0,0,0
TATGG,41.9026820536537,11.5870283162803,11.5870283162803
TATGC,43.3211548782189,11.8674895424296,11.8674895424296
TATCA,26.70562063434,9.30164108900609,9.30164108900609
TATCT,0,0,0
TATCG,36.7013684479569,7.66302680705512,7.66302680705512
TATCC,46.9906871235675,13.9803928034519,13.9803928034519
TAGAA,35.5147299070018,11.7468462825516,11.7468462825516
TAGAT,0,0,0
TAGAG,45.1192236068125,12.1971383882587,12.1971383882587
TAGAC,43.9675596266992,8.9974838134149,8.9974838134149
TAGTA,30.9755399195636,12.3694810925743,12.3694810925743
TAGTT,0,0,0
TAGTG,44.7968445810195,9.36148506660111,9.36148506660111
TAGTC,44.9339995849186,9.23349172666854,9.23349172666854
TAGGA,45.0676802412777,11.380276734659,11.380276734659
TAGGT,0,0,0
TAGGG,57.7014830930674,13.8884235170805,13.8884235170805
TAGGC,45.7749856369031,13.6718939950776,13.6718939950776
TAGCA,45.262198194975,13.9381896963974,13.9381896963974
TAGCT,0,0,0
TAGCG,52.2428675641771,13.2032145552747,13.2032145552747
TAGCC,56.9078262693222,13.3357375628711,13.3357375628711
TACAA,30.7358027801184,8.91206339632254,8.91206339632254
TACAT,0,0,0
TACAG,40.9455866771003,12.6160349769233,12.6160349769233
TACAC,35.727786008667,9.34163517939991,9.34163517939991
TACTA,0,0,0
TACTT,0,0,0
TACTG,38.0812144315998,11.2111850158509,11.2111850158509
TACTC,38.4468605422528,10.9058712999962,10.9058712999962
TACGA,39.3991005150168,12.2896155038925,12.2896155038925
TACGT,0,0,0
TACGG,59.0163060494784,9.36391475464657,9.36391475464657
TACGC,60.3952512799899,14.7270299847067,14.7270299847067
TACCA,37.8231816596086,10.2228998288979,10.2228998288979
TACCT,0,0,0
TACCG,57.7719057669527,12.262679289305,12.262679289305
TACCC,62.2318460901215,14.2046031675677,14.2046031675677
TTAAA,23.8881326910898,9.97254136949392,9.97254136949392
TTAAT,0,0,0
TTAAG,37.2977054857709,10.9563035532026,10.9563035532026
TTAAC,33.4904975723172,12.3135912040825,12.3135912040825
TTATA,0,0,0
TTATT,0,0,0
TTATG,29.488044632094,10.7886481937449,10.7886481937449
TTATC,30.5002528450963,10.1196426088104,10.1196426088104
TTAGA,33.5599978212994,10.3994915898468,10.3994915898468
TTAGT,0,0,0
TTAGG,41.6813860102929,12.0780799088708,12.0780799088708
TTAGC,44.086420860646,11.3992707452308,11.3992707452308
TTACA,29.5512456832123,9.14981314140962,9.14981314140962
TTACT,0,0,0
TTACG,48.8084758786039,13.9450272078688,13.9450272078688
TTACC,41.6963248936745,11.3561765833808,11.3561765833808
TTTAA,0,0,0
TTTAT,0,0,0
TTTAG,35.0007935371099,10.7075612427313,10.7075612427313
TTTAC,35.1881844091272,11.0576237758603,11.0576237758603
TTTTA,0,0,0
TTTTT,38.1873299511353,9.03131058941674,9.03131058941674
TTTTG,35.5424787898636,9.86201704763509,9.86201704763509
TTTTC,41.8695166484117,10.2738245363607,10.2738245363607
TTTGA,25.0348230102253,9.21641218582297,9.21641218582297
TTTGT,0,0,0
TTTGG,44.1890047309416,11.3027568765939,11.3027568765939
TTTGC,44.2692447216755,11.5392531616296,11.5392531616296
TTTCA,28.9254861051722,10.3648869061304,10.3648869061304
TTTCT,0,0,0
TTTCG,41.4598643284338,9.0840678760242,9.0840678760242
TTTCC,57.2839848668289,10.6164998632303,10.6164998632303
TTGAA,26.4347446907624,10.840775638829,10.840775638829
TTGAT,0,0,0
TTGAG,29.6522281169718,10.0018701083795,10.0018701083795
TTGAC,31.1134662956837,9.13803996288977,9.13803996288977
TTGTA,0,0,0
TTGTT,0,0,0
TTGTG,51.1840988330176,12.1922894437265,12.1922894437265
TTGTC,37.7836469179918,12.4075954633176,12.4075954633176
TTGGA,37.3693571124484,11.9905492255663,11.9905492255663
TTGGT,0,0,0
TTGGG,53.3962890098519,10.4992530248591,10.4992530248591
TTGGC,41.9216113482867,10.4617696172858,10.4617696172858
TTGCA,38.7841128687776,10.0917170718045,10.0917170718045
TTGCT,0,0,0
TTGCG,48.8037678936722,12.801266115892,12.801266115892
TTGCC,60.1839798703096,16.3101856687266,16.3101856687266
TTCAA,0,0,0
TTCAT,0,0,0
TTCAG,37.9086392142568,9.57542230095697,9.57542230095697
TTCAC,35.2580080539078,11.0012030437826,11.0012030437826
TTCTA,0,0,0
TTCTT,0,0,0
TTCTG,46.512109626115,9.34507375428655,9.34507375428655
TTCTC,49.063584733055,11.6702108027118,11.6702108027118
TTCGA,33.7190361627994,7.99961172811474,7.99961172811474
TTCGT,0,0,0
TTCGG,45.5295775978247,9.48450676208679,9.48450676208679
TTCGC,41.1172431722565,11.3611104388592,11.3611104388592
TTCCA,38.3700890228775,10.5791287983487,10.5791287983487
TTCCT,0,0,0
TTCCG,65.9047556182417,9.37793682648599,9.37793682648599
TTCCC,66.6180953593118,14.9190834150279,14.9190834150279
TGAAA,0,0,0
TGAAT,0,0,0
TGAAG,31.5187634079345,10.5238661433423,10.5238661433423
TGAAC,30.8921977571863,10.7833849387381,10.7833849387381
TGATA,0,0,0
TGATT,0,0,0
TGATG,35.9226829834609,8.68202057830671,8.68202057830671
TGATC,34.3604936294206,10.3126405081289,10.3126405081289
TGAGA,37.8103470586561,10.2445360032011,10.2445360032011
TGAGT,0,0,0
TGAGG,48.3267184834419,9.61728671902252,9.61728671902252
TGAGC,46.3786705983279,10.4301327512018,10.4301327512018
TGACA,32.8226694077011,10.3220928150941,10.3220928150941
TGACT,0,0,0
TGACG,51.8078664057587,11.8579505297872,11.8579505297872
TGACC,41.3696206698475,10.8566687195423,10.8566687195423
TGTAA,0,0,0
TGTAT,0,0,0
TGTAG,33.4296227125807,9.13122879997172,9.13122879997172
TGTAC,35.9855695173427,9.73936163602108,9.73936163602108
TGTTA,0,0,0
TGTTT,0,0,0
TGTTG,41.8442626224984,11.9181156974771,11.9181156974771
TGTTC,37.0666569049699,9.62073038929881,9.62073038929881
TGTGA,39.661004255861,9.59416572301213,9.59416572301213
TGTGT,0,0,0
TGTGG,69.6325262292546,12.65752201979,12.65752201979
TGTGC,59.7158193976958,12.7320039299966,12.7320039299966
TGTCA,0,0,0
TGTCT,0,0,0
TGTCG,42.4821962171491,10.5058558648558,10.5058558648558
TGTCC,37.4587857469041,9.78222971819861,9.78222971819861
TGGAA,0,0,0
TGGAT,0,0,0
TGGAG,45.6798342396593,10.8648555635653,10.8648555635653
TGGAC,49.052975978885,10.3498259151439,10.3498259151439
TGGTA,0,0,0
TGGTT,0,0,0
TGGTG,47.0398588004823,10.5520359016933,10.5520359016933
TGGTC,43.845538372582,10.192342464929,10.192342464929
TGGGA,59.4319156294537,13.4270797893167,13.4270797893167
TGGGT,0,0,0
TGGGG,74.8589386688769,11.9648124654774,11.9648124654774
TGGGC,73.9475690063822,11.8531461787377,11.8531461787377
TGGCA,49.650982133583,9.51792031422868,9.51792031422868
TGGCT,0,0,0
TGGCG,52.3167857464808,10.9356098568638,10.9356098568638
TGGCC,69.470792841607,11.0108397984013,11.0108397984013
TGCAA,0,0,0
TGCAT,0,0,0
TGCAG,47.9449569089257,8.31691993202521,8.31691993202521
TGCAC,56.3473944912349,12.1449509931912,12.1449509931912
TGCTA,0,0,0
TGCTT,0,0,0
TGCTG,57.0649181604355,11.7285277560765,11.7285277560765
TGCTC,48.8856974965629,12.9003790276488,12.9003790276488
TGCGA,38.3878635201951,8.40927711160364,8.40927711160364
TGCGT,0,0,0
TGCGG,74.4786130403371,13.2430224888014,13.2430224888014
TGCGC,57.6883582922239,10.9723605889792,10.9723605889792
TGCCA,0,0,0
TGCCT,0,0,0
TGCCG,76.3526984053722,14.1810818179994,14.1810818179994
TGCCC,79.907874754248,18.2634975994765,18.2634975994765
TCAAA,0,0,0
TCAAT,0,0,0
TCAAG,35.1963999992737,11.6865465513365,11.6865465513365
TCAAC,35.3764356699699,12.1156155380811,12.1156155380811
TCATA,0,0,0
TCATT,0,0,0
TCATG,28.2002058630283,8.02190939694206,8.02190939694206
TCATC,33.3592899109152,9.79302871432379,9.79302871432379
TCAGA,33.4576700231835,8.81330896062506,8.81330896062506
TCAGT,0,0,0
TCAGG,67.9202359064717,17.289360188139,17.289360188139
TCAGC,42.0998823844347,9.31963187324789,9.31963187324789
TCACA,0,0,0
TCACT,0,0,0
TCACG,44.501575127691,11.7706342111823,11.7706342111823
TCACC,49.1896162674143,11.8213584478924,11.8213584478924
TCTAA,0,0,0
TCTAT,0,0,0
TCTAG,52.4287314877042,12.3224072437829,12.3224072437829
TCTAC,42.2289326638819,10.8412112261899,10.8412112261899
TCTTA,0,0,0
TCTTT,0,0,0
TCTTG,36.4003383129086,11.6032893310702,11.6032893310702
TCTTC,33.9131167196036,10.4186960646591,10.4186960646591
TCTGA,0,0,0
TCTGT,0,0,0
TCTGG,60.568187000583,11.3707459526259,11.3707459526259
TCTGC,46.7453620747445,7.72103267988338,7.72103267988338
TCTCA,0,0,0
TCTCT,0,0,0
TCTCG,47.8592277552777,9.07228100233001,9.07228100233001
TCTCC,74.4946025987873,15.0642203513937,15.0642203513937
TCGAA,0,0,0
TCGAT,0,0,0
TCGAG,47.4675266612426,10.5995435630857,10.5995435630857
TCGAC,37.6235419792341,9.6760448547392,9.6760448547392
TCGTA,0,0,0
TCGTT,0,0,0
TCGTG,39.8425030096631,7.47619275118647,7.47619275118647
TCGTC,49.0829968456852,10.9546597698261,10.9546597698261
TCGGA,47.3513224085055,8.29609676642985,8.29609676642985
TCGGT,0,0,0
TCGGG,56.2526722070816,10.7299047000457,10.7299047000457
TCGGC,79.749732935264,12.8569746171533,12.8569746171533
TCGCA,0,0,0
TCGCT,0,0,0
TCGCG,38.8860291785912,10.8423643537635,10.8423643537635
TCGCC,44.0331434478475,10.8937788154102,10.8937788154102
TCCAA,0,0,0
TCCAT,0,0,0
TCCAG,54.2724717825149,11.8569526778907,11.8569526778907
TCCAC,53.4609006526097,9.8756259756623,9.8756259756623
TCCTA,0,0,0
TCCTT,0,0,0
TCCTG,54.6770281178245,12.0336531603523,12.0336531603523
TCCTC,50.5602580461475,9.72332861893807,9.72332861893807
TCCGA,0,0,0
TCCGT,0,0,0
TCCGG,89.2897611622468,14.2633634917484,14.2633634917484
TCCGC,79.7701299541229,12.5179385939646,12.5179385939646
TCCCA,0,0,0
TCCCT,0,0,0
TCCCG,71.0734710557183,12.7097970098081,12.7097970098081
TCCCC,125.162825990966,25.6542596246766,25.6542596246766
GAAAA,0,0,0
GAAAT,0,0,0
GAAAG,47.2176585936596,11.4325395756931,11.4325395756931
GAAAC,49.8435619897546,12.0331812450951,12.0331812450951
GAATA,0,0,0
GAATT,0,0,0
GAATG,37.0864915737824,8.39383850027872,8.39383850027872
GAATC,35.9683073010446,9.91752956140073,9.91752956140073
GAAGA,0,0,0
GAAGT,0,0,0
GAAGG,59.1070713448231,16.1001121338622,16.1001121338622
GAAGC,47.9845047672832,11.8287134349529,11.8287134349529
GAACA,0,0,0
GAACT,0,0,0
GAACG,52.4937023117298,12.594516490318,12.594516490318
GAACC,48.8759492273214,12.0965910928964,12.0965910928964
GATAA,0,0,0
GATAT,0,0,0
GATAG,44.2021149965647,12.9244707195335,12.9244707195335
GATAC,32.3005271324036,9.01964140345239,9.01964140345239
GATTA,0,0,0
GATTT,0,0,0
GATTG,35.8087076605865,7.87337994669642,7.87337994669642
GATTC,0,0,0
GATGA,0,0,0
GATGT,0,0,0
GATGG,45.4902652402116,8.57356882704195,8.57356882704195
GATGC,40.3155136487696,9.13564729530003,9.13564729530003
GATCA,0,0,0
GATCT,0,0,0
GATCG,58.7813527864715,9.56263143737535,9.56263143737535
GATCC,67.577364215378,13.5648732667759,13.5648732667759
GAGAA,0,0,0
GAGAT,0,0,0
GAGAG,55.3296235379377,12.9096260734569,12.9096260734569
GAGAC,51.9426630511586,11.8077346043279,11.8077346043279
GAGTA,0,0,0
GAGTT,0,0,0
GAGTG,46.1279288483089,11.4808872278211,11.4808872278211
GAGTC,46.4344015347715,10.0706788473861,10.0706788473861
GAGGA,0,0,0
GAGGT,0,0,0
GAGGG,77.2128409249875,14.2242409652645,14.2242409652645
GAGGC,66.9541674061488,13.7056858376959,13.7056858376959
GAGCA,0,0,0
GAGCT,0,0,0
GAGCG,68.8093089483777,15.4961275637539,15.4961275637539
GAGCC,75.4991590540956,14.9517690324586,14.9517690324586
GACAA,0,0,0
GACAT,0,0,0
GACAG,44.7388197111933,10.1491170893777,10.1491170893777
GACAC,38.0107716272623,8.1616412746273,8.1616412746273
GACTA,0,0,0
GACTT,0,0,0
GACTG,45.3574770444573,10.1101008039777,10.1101008039777
GACTC,0,0,0
GACGA,0,0,0
GACGT,0,0,0
GACGG,60.4725098530111,11.7836931758629,11.7836931758629
GACGC,73.3968676358764,15.0628559853135,15.0628559853135
GACCA,0,0,0
GACCT,0,0,0
GACCG,50.4284121037026,14.2049371304308,14.2049371304308
GACCC,79.5485905711831,15.6732816864605,15.6732816864605
GTAAA,0,0,0
GTAAT,0,0,0
GTAAG,46.9042652934135,10.5615251247012,10.5615251247012
GTAAC,42.7300165001888,11.3094110772043,11.3094110772043
GTATA,0,0,0
GTATT,0,0,0
GTATG,52.4015641939872,15.0654958057674,15.0654958057674
GTATC,0,0,0
GTAGA,0,0,0
GTAGT,0,0,0
GTAGG,46.4092191796645,10.901504771156,10.901504771156
GTAGC,52.7950621361041,12.8399366570671,12.8399366570671
GTACA,0,0,0
GTACT,0,0,0
GTACG,60.5121565150123,12.4120159559284,12.4120159559284
GTACC,51.510324839354,15.1502691408152,15.1502691408152
GTTAA,0,0,0
GTTAT,0,0,0
GTTAG,44.7186151257622,11.1631289697136,11.1631289697136
GTTAC,0,0,0
GTTTA,0,0,0
GTTTT,0,0,0
GTTTG,41.0691067955837,10.988446767898,10.988446767898
GTTTC,0,0,0
GTTGA,0,0,0
GTTGT,0,0,0
GTTGG,43.9747587782421,11.5437881379486,11.5437881379486
GTTGC,64.7600096498728,16.1590222474563,16.1590222474563
GTTCA,0,0,0
GTTCT,0,0,0
GTTCG,36.6819663471992,9.54366592375071,9.54366592375071
GTTCC,57.0972434841973,12.937307638686,12.937307638686
GTGAA,0,0,0
GTGAT,0,0,0
GTGAG,62.0131649107721,10.7365930983093,10.7365930983093
GTGAC,51.0546998505805,11.9547943887646,11.9547943887646
GTGTA,0,0,0
GTGTT,0,0,0
GTGTG,56.2244133714546,10.153174414061,10.153174414061
GTGTC,0,0,0
GTGGA,0,0,0
GTGGT,0,0,0
GTGGG,98.8228923549616,17.0900839560178,17.0900839560178
GTGGC,78.4632927991925,12.7985292032718,12.7985292032718
GTGCA,0,0,0
GTGCT,0,0,0
GTGCG,59.9927814305387,11.0786167251955,11.0786167251955
GTGCC,88.1528688680586,13.9107379324053,13.9107379324053
GTCAA,0,0,0
GTCAT,0,0,0
GTCAG,47.3663680579287,12.9625667203722,12.9625667203722
GTCAC,0,0,0
GTCTA,0,0,0
GTCTT,0,0,0
GTCTG,39.7097192633059,7.74329125859554,7.74329125859554
GTCTC,0,0,0
GTCGA,0,0,0
GTCGT,0,0,0
GTCGG,62.1572014501707,12.2766377686149,12.2766377686149
GTCGC,46.7553288713288,12.8679128433627,12.8679128433627
GTCCA,0,0,0
GTCCT,0,0,0
GTCCG,57.6773982426736,9.12596480872104,9.12596480872104
GTCCC,99.4460511000811,19.047349378146,19.047349378146
GGAAA,0,0,0
GGAAT,0,0,0
GGAAG,58.4404150546441,13.9093513719082,13.9093513719082
GGAAC,0,0,0
GGATA,0,0,0
GGATT,0,0,0
GGATG,49.218976285927,11.7999283120656,11.7999283120656
GGATC,0,0,0
GGAGA,0,0,0
GGAGT,0,0,0
GGAGG,78.6064632391084,15.72801717726,15.72801717726
GGAGC,78.96217517082,16.8222230018065,16.8222230018065
GGACA,0,0,0
GGACT,0,0,0
GGACG,74.3724036002146,12.1450711425998,12.1450711425998
GGACC,78.8887522222785,18.5360749814955,18.5360749814955
GGTAA,0,0,0
GGTAT,0,0,0
GGTAG,65.0766396165321,14.842929517899,14.842929517899
GGTAC,0,0,0
GGTTA,0,0,0
GGTTT,0,0,0
GGTTG,55.6304957340989,14.7419652393287,14.7419652393287
GGTTC,0,0,0
GGTGA,0,0,0
GGTGT,0,0,0
GGTGG,70.1511942502122,15.6004683035924,15.6004683035924
GGTGC,67.0030489806221,12.4789730779175,12.4789730779175
GGTCA,0,0,0
GGTCT,0,0,0
GGTCG,50.3403598034261,13.0367800452404,13.0367800452404
GGTCC,0,0,0
GGGAA,0,0,0
GGGAT,0,0,0
GGGAG,102.788555320129,19.7356409677845,19.7356409677845
GGGAC,0,0,0
GGGTA,0,0,0
GGGTT,0,0,0
GGGTG,86.9832048251742,14.3522291543875,14.3522291543875
GGGTC,0,0,0
GGGGA,0,0,0
GGGGT,0,0,0
GGGGG,188.707676450634,32.3367090499279,32.3367090499279
GGGGC,141.923620364618,24.8811057333024,24.8811057333024
GGGCA,0,0,0
GGGCT,0,0,0
GGGCG,103.181057787478,17.5695949356296,17.5695949356296
GGGCC,94.8454617732975,16.061444063245,16.061444063245
GGCAA,0,0,0
GGCAT,0,0,0
GGCAG,61.386146111128,12.0185998579286,12.0185998579286
GGCAC,0,0,0
GGCTA,0,0,0
GGCTT,0,0,0
GGCTG,64.9922855293737,11.0802760939842,11.0802760939842
GGCTC,0,0,0
GGCGA,0,0,0
GGCGT,0,0,0
GGCGG,92.379668085746,16.0362553411028,16.0362553411028
GGCGC,88.621366975753,16.3361707208435,16.3361707208435
GGCCA,0,0,0
GGCCT,0,0,0
GGCCG,105.740512163966,15.6813363182834,15.6813363182834
GGCCC,0,0,0
GCAAA,0,0,0
GCAAT,0,0,0
GCAAG,59.9212941473125,14.3339232202663,14.3339232202663
GCAAC,0,0,0
GCATA,0,0,0
GCATT,0,0,0
GCATG,50.0528896289628,6.98004098186789,6.98004098186789
GCATC,0,0,0
GCAGA,0,0,0
GCAGT,0,0,0
GCAGG,74.3175997770299,16.9935583560975,16.9935583560975
GCAGC,59.5862147887394,9.66455225118548,9.66455225118548
GCACA,0,0,0
GCACT,0,0,0
GCACG,70.3241532766667,12.7740295428123,12.7740295428123
GCACC,0,0,0
GCTAA,0,0,0
GCTAT,0,0,0
GCTAG,64.6572563256343,18.4322441343785,18.4322441343785
GCTAC,0,0,0
GCTTA,0,0,0
GCTTT,0,0,0
GCTTG,64.5645106720258,15.2762239190859,15.2762239190859
GCTTC,0,0,0
GCTGA,0,0,0
GCTGT,0,0,0
GCTGG,68.5211804185104,13.1294732989439,13.1294732989439
GCTGC,0,0,0
GCTCA,0,0,0
GCTCT,0,0,0
GCTCG,56.198755533814,13.4844666407874,13.4844666407874
GCTCC,0,0,0
GCGAA,0,0,0
GCGAT,0,0,0
GCGAG,55.2856857156623,9.48228771752327,9.48228771752327
GCGAC,0,0,0
GCGTA,0,0,0
GCGTT,0,0,0
GCGTG,76.6486111751871,13.158116292346,13.158116292346
GCGTC,0,0,0
GCGGA,0,0,0
GCGGT,0,0,0
GCGGG,97.8903715497663,18.2539524219342,18.2539524219342
GCGGC,95.8365724156936,16.940543515714,16.940543515714
GCGCA,0,0,0
GCGCT,0,0,0
GCGCG,88.6112534933616,18.1282632397189,18.1282632397189
GCGCC,0,0,0
GCCAA,0,0,0
GCCAT,0,0,0
GCCAG,74.3087019102004,10.4509501903008,10.4509501903008
GCCAC,0,0,0
GCCTA,0,0,0
GCCTT,0,0,0
GCCTG,50.9223812707201,11.1272018285457,11.1272018285457
GCCTC,0,0,0
GCCGA,0,0,0
GCCGT,0,0,0
GCCGG,80.6361847117672,13.3379163146113,13.3379163146113
GCCGC,0,0,0
GCCCA,0,0,0
GCCCT,0,0,0
GCCCG,95.9266553173882,23.9421525994766,23.9421525994766
GCCCC,0,0,0
CAAAA,0,0,0
CAAAT,0,0,0
CAAAG,41.3605489902255,12.5805116411101,12.5805116411101
CAAAC,0,0,0
CAATA,0,0,0
CAATT,0,0,0
CAATG,33.6494206688051,8.66496586964916,8.66496586964916
CAATC,0,0,0
CAAGA,0,0,0
CAAGT,0,0,0
CAAGG,60.5151712383452,16.5285734281522,16.5285734281522
CAAGC,0,0,0
CAACA,0,0,0
CAACT,0,0,0
CAACG,55.2751619889857,14.9397128610289,14.9397128610289
CAACC,0,0,0
CATAA,0,0,0
CATAT,0,0,0
CATAG,37.2245838609737,9.61908542490915,9.61908542490915
CATAC,0,0,0
CATTA,0,0,0
CATTT,0,0,0
CATTG,0,0,0
CATTC,0,0,0
CATGA,0,0,0
CATGT,0,0,0
CATGG,44.7355254524126,9.21270549312359,9.21270549312359
CATGC,0,0,0
CATCA,0,0,0
CATCT,0,0,0
CATCG,32.650569494111,9.02103659196422,9.02103659196422
CATCC,0,0,0
CAGAA,0,0,0
CAGAT,0,0,0
CAGAG,46.891142356804,8.75748385116457,8.75748385116457
CAGAC,0,0,0
CAGTA,0,0,0
CAGTT,0,0,0
CAGTG,45.2801877293209,9.58244640482213,9.58244640482213
CAGTC,0,0,0
CAGGA,0,0,0
CAGGT,0,0,0
CAGGG,135.446996850349,31.7920863170014,31.7920863170014
CAGGC,0,0,0
CAGCA,0,0,0
CAGCT,0,0,0
CAGCG,57.4026460449223,11.4325477085752,11.4325477085752
CAGCC,0,0,0
CACAA,0,0,0
CACAT,0,0,0
CACAG,46.1573532513659,7.93280288212952,7.93280288212952
CACAC,0,0,0
CACTA,0,0,0
CACTT,0,0,0
CACTG,0,0,0
CACTC,0,0,0
CACGA,0,0,0
CACGT,0,0,0
CACGG,82.1444061525325,13.7861698411539,13.7861698411539
CACGC,0,0,0
CACCA,0,0,0
CACCT,0,0,0
CACCG,64.3601398086899,14.928427268402,14.928427268402
CACCC,0,0,0
CTAAA,0,0,0
CTAAT,0,0,0
CTAAG,48.1864456726282,14.4301486579706,14.4301486579706
CTAAC,0,0,0
CTATA,0,0,0
CTATT,0,0,0
CTATG,0,0,0
CTATC,0,0,0
CTAGA,0,0,0
CTAGT,0,0,0
CTAGG,64.2889051257413,16.3281758278108,16.3281758278108
CTAGC,0,0,0
CTACA,0,0,0
CTACT,0,0,0
CTACG,61.2395676403405,14.6098737639445,14.6098737639445
CTACC,0,0,0
CTTAA,0,0,0
CTTAT,0,0,0
CTTAG,0,0,0
CTTAC,0,0,0
CTTTA,0,0,0
CTTTT,0,0,0
CTTTG,0,0,0
CTTTC,0,0,0
CTTGA,0,0,0
CTTGT,0,0,0
CTTGG,48.490981471865,14.1093106478128,14.1093106478128
CTTGC,0,0,0
CTTCA,0,0,0
CTTCT,0,0,0
CTTCG,44.7349014871236,12.3850545136223,12.3850545136223
CTTCC,0,0,0
CTGAA,0,0,0
CTGAT,0,0,0
CTGAG,48.8526136305776,11.0906295931773,11.0906295931773
CTGAC,0,0,0
CTGTA,0,0,0
CTGTT,0,0,0
CTGTG,0,0,0
CTGTC,0,0,0
CTGGA,0,0,0
CTGGT,0,0,0
CTGGG,69.7788126702801,13.6643465637348,13.6643465637348
CTGGC,0,0,0
CTGCA,0,0,0
CTGCT,0,0,0
CTGCG,77.3663140149933,15.3418951443549,15.3418951443549
CTGCC,0,0,0
CTCAA,0,0,0
CTCAT,0,0,0
CTCAG,0,0,0
CTCAC,0,0,0
CTCTA,0,0,0
CTCTT,0,0,0
CTCTG,0,0,0
CTCTC,0,0,0
CTCGA,0,0,0
CTCGT,0,0,0
CTCGG,61.6282615469235,11.6159824448844,11.6159824448844
CTCGC,0,0,0
CTCCA,0,0,0
CTCCT,0,0,0
CTCCG,86.4987565583243,16.5986500757568,16.5986500757568
CTCCC,0,0,0
CGAAA,0,0,0
CGAAT,0,0,0
CGAAG,0,0,0
CGAAC,0,0,0
CGATA,0,0,0
CGATT,0,0,0
CGATG,0,0,0
CGATC,0,0,0
CGAGA,0,0,0
CGAGT,0,0,0
CGAGG,69.329676945674,13.3984929226821,13.3984929226821
CGAGC,0,0,0
CGACA,0,0,0
CGACT,0,0,0
CGACG,55.9758709981443,12.5771141104557,12.5771141104557
CGACC,0,0,0
CGTAA,0,0,0
CGTAT,0,0,0
CGTAG,0,0,0
CGTAC,0,0,0
CGTTA,0,0,0
CGTTT,0,0,0
CGTTG,0,0,0
CGTTC,0,0,0
CGTGA,0,0,0
CGTGT,0,0,0
CGTGG,84.0148316154827,12.0210820244839,12.0210820244839
CGTGC,0,0,0
CGTCA,0,0,0
CGTCT,0,0,0
CGTCG,0,0,0
CGTCC,0,0,0
CGGAA,0,0,0
CGGAT,0,0,0
CGGAG,0,0,0
CGGAC,0,0,0
CGGTA,0,0,0
CGGTT,0,0,0
CGGTG,0,0,0
CGGTC,0,0,0
CGGGA,0,0,0
CGGGT,0,0,0
CGGGG,136.696430688447,21.2959718865018,21.2959718865018
CGGGC,0,0,0
CGGCA,0,0,0
CGGCT,0,0,0
CGGCG,94.4615123325269,14.6750316415541,14.6750316415541
CGGCC,0,0,0
CGCAA,0,0,0
CGCAT,0,0,0
CGCAG,0,0,0
CGCAC,0,0,0
CGCTA,0,0,0
CGCTT,0,0,0
CGCTG,0,0,0
CGCTC,0,0,0
CGCGA,0,0,0
CGCGT,0,0,0
CGCGG,103.098424027695,12.6584149489034,12.6584149489034
CGCGC,0,0,0
CGCCA,0,0,0
CGCCT,0,0,0
CGCCG,0,0,0
CGCCC,0,0,0
CCAAA,0,0,0
CCAAT,0,0,0
CCAAG,0,0,0
CCAAC,0,0,0
CCATA,0,0,0
CCATT,0,0,0
CCATG,0,0,0
CCATC,0,0,0
CCAGA,0,0,0
CCAGT,0,0,0
CCAGG,64.3640846169678,11.2166312529015,11.2166312529015
CCAGC,0,0,0
CCACA,0,0,0
CCACT,0,0,0
CCACG,0,0,0
CCACC,0,0,0
CCTAA,0,0,0
CCTAT,0,0,0
CCTAG,0,0,0
CCTAC,0,0,0
CCTTA,0,0,0
CCTTT,0,0,0
CCTTG,0,0,0
CCTTC,0,0,0
CCTGA,0,0,0
CCTGT,0,0,0
CCTGG,0,0,0
CCTGC,0,0,0
CCTCA,0,0,0
CCTCT,0,0,0
CCTCG,0,0,0
CCTCC,0,0,0
CCGAA,0,0,0
CCGAT,0,0,0
CCGAG,0,0,0
CCGAC,0,0,0
CCGTA,0,0,0
CCGTT,0,0,0
CCGTG,0,0,0
CCGTC,0,0,0
CCGGA,0,0,0
CCGGT,0,0,0
CCGGG,83.8406687771769,19.0659697107534,19.0659697107534
CCGGC,0,0,0
CCGCA,0,0,0
CCGCT,0,0,0
CCGCG,0,0,0
CCGCC,0,0,0
CCCAA,0,0,0
CCCAT,0,0,0
CCCAG,0,0,0
CCCAC,0,0,0
CCCTA,0,0,0
CCCTT,0,0,0
CCCTG,0,0,0
CCCTC,0,0,0
CCCGA,0,0,0
CCCGT,0,0,0
CCCGG,0,0,0
CCCGC,0,0,0
CCCCA,0,0,0
CCCCT,0,0,0
CCCCG,0,0,0
CCCCC,0,0,0
AAAAA,0,0,0
